,Title,AUC-ROC,AUC-PRC,G-Mean,Threshold G-Mean,Accuracy G-Mean,J,Threshold J,Accuracy J,Precision,Recall,F-Score,Threshold F-Score,Accuracy F-Score
1,MobilenetV3small (lr: 0.00001),0.9943608238944656,0.9900152897193226,0.9908074166315232,0.72689295,0.9907874,0.9816872351098573,0.72689295,0.9907874,0.9823456651298774,0.9996567112941984,0.9909255898366606,0.6908258,0.9907874
0,MobilenetV3large (lr: 0.00001),0.9942211934630715,0.9898310956724208,0.9899760693859492,0.6924477,0.99004346,0.9800373978866893,0.6924477,0.99004346,0.9815041782729805,0.9992059891107078,0.9902759822382103,0.6924477,0.99004346
3,vgg19 (lr: 0.00001),0.9939045131029627,0.9884724976971132,0.9899326944800964,0.7607836,0.9898146,0.9799554746575457,0.7607836,0.9898146,0.9804700806176905,0.9994212962962963,0.9898549893964578,0.7607836,0.9898146
2,resnet152 (lr: 0.00001),0.991811667527753,0.9842515298641191,0.9880555972936569,0.6877858,0.9878691,0.9762129871222217,0.6877858,0.9878691,0.9777397260273972,0.9981354154527444,0.9878323049420449,0.6877858,0.9878691
